Date,Weekday,Month,Balance_Quarterly,Interest_Quartertly,Balance_Monthly,Interest_Monthly,Balance_Weekly,Interest_Weekly,Balance_Daily,Interest_Daily
01/01/2022,7,1,1,1,1,1,1,1,1,1.002739726
02/01/2022,1,1,1,1,1,1,1,1,1.002739726,1.002739726
03/01/2022,2,1,1,1,1,1,1,1,1.005486958,1.002739726
04/01/2022,3,1,1,1,1,1,1,1,1.008241717,1.002739726
05/01/2022,4,1,1,1,1,1,1,1,1.011004023,1.002739726
06/01/2022,5,1,1,1,1,1,1,1,1.013773897,1.002739726
07/01/2022,6,1,1,1,1,1,1,1,1.01655136,1.002739726
08/01/2022,7,1,1,1,1,1,1,1.019230769,1.019336432,1.002739726
09/01/2022,1,1,1,1,1,1,1.019230769,1,1.022129135,1.002739726
10/01/2022,2,1,1,1,1,1,1.019230769,1,1.024929488,1.002739726
11/01/2022,3,1,1,1,1,1,1.019230769,1,1.027737514,1.002739726
12/01/2022,4,1,1,1,1,1,1.019230769,1,1.030553234,1.002739726
13/01/2022,5,1,1,1,1,1,1.019230769,1,1.033376667,1.002739726
14/01/2022,6,1,1,1,1,1,1.019230769,1,1.036207836,1.002739726
15/01/2022,7,1,1,1,1,1,1.019230769,1.019230769,1.039046762,1.002739726
16/01/2022,1,1,1,1,1,1,1.038831361,1,1.041893465,1.002739726
17/01/2022,2,1,1,1,1,1,1.038831361,1,1.044747968,1.002739726
18/01/2022,3,1,1,1,1,1,1.038831361,1,1.047610291,1.002739726
19/01/2022,4,1,1,1,1,1,1.038831361,1,1.050480456,1.002739726
20/01/2022,5,1,1,1,1,1,1.038831361,1,1.053358485,1.002739726
21/01/2022,6,1,1,1,1,1,1.038831361,1,1.056244398,1.002739726
22/01/2022,7,1,1,1,1,1,1.038831361,1.019230769,1.059138219,1.002739726
23/01/2022,1,1,1,1,1,1,1.058808887,1,1.062039967,1.002739726
24/01/2022,2,1,1,1,1,1,1.058808887,1,1.064949666,1.002739726
25/01/2022,3,1,1,1,1,1,1.058808887,1,1.067867336,1.002739726
26/01/2022,4,1,1,1,1,1,1.058808887,1,1.070793,1.002739726
27/01/2022,5,1,1,1,1,1,1.058808887,1,1.073726679,1.002739726
28/01/2022,6,1,1,1,1,1,1.058808887,1,1.076668396,1.002739726
29/01/2022,7,1,1,1,1,1,1.058808887,1.019230769,1.079618173,1.002739726
30/01/2022,1,1,1,1,1,1,1.079170596,1,1.082576031,1.002739726
31/01/2022,2,1,1,1,1,1,1.079170596,1,1.085541993,1.002739726
01/02/2022,3,2,1,1,1,1.083333333,1.079170596,1,1.08851608,1.002739726
02/02/2022,4,2,1,1,1.083333333,1,1.079170596,1,1.091498316,1.002739726
03/02/2022,5,2,1,1,1.083333333,1,1.079170596,1,1.094488722,1.002739726
04/02/2022,6,2,1,1,1.083333333,1,1.079170596,1,1.097487322,1.002739726
05/02/2022,7,2,1,1,1.083333333,1,1.079170596,1.019230769,1.100494136,1.002739726
06/02/2022,1,2,1,1,1.083333333,1,1.099923877,1,1.103509189,1.002739726
07/02/2022,2,2,1,1,1.083333333,1,1.099923877,1,1.106532501,1.002739726
08/02/2022,3,2,1,1,1.083333333,1,1.099923877,1,1.109564097,1.002739726
09/02/2022,4,2,1,1,1.083333333,1,1.099923877,1,1.112603999,1.002739726
10/02/2022,5,2,1,1,1.083333333,1,1.099923877,1,1.115652229,1.002739726
11/02/2022,6,2,1,1,1.083333333,1,1.099923877,1,1.118708811,1.002739726
12/02/2022,7,2,1,1,1.083333333,1,1.099923877,1.019230769,1.121773766,1.002739726
13/02/2022,1,2,1,1,1.083333333,1,1.121076259,1,1.124847119,1.002739726
14/02/2022,2,2,1,1,1.083333333,1,1.121076259,1,1.127928892,1.002739726
15/02/2022,3,2,1,1,1.083333333,1,1.121076259,1,1.131019108,1.002739726
16/02/2022,4,2,1,1,1.083333333,1,1.121076259,1,1.134117791,1.002739726
17/02/2022,5,2,1,1,1.083333333,1,1.121076259,1,1.137224963,1.002739726
18/02/2022,6,2,1,1,1.083333333,1,1.121076259,1,1.140340647,1.002739726
19/02/2022,7,2,1,1,1.083333333,1,1.121076259,1.019230769,1.143464868,1.002739726
20/02/2022,1,2,1,1,1.083333333,1,1.142635418,1,1.146597649,1.002739726
21/02/2022,2,2,1,1,1.083333333,1,1.142635418,1,1.149739012,1.002739726
22/02/2022,3,2,1,1,1.083333333,1,1.142635418,1,1.152888982,1.002739726
23/02/2022,4,2,1,1,1.083333333,1,1.142635418,1,1.156047582,1.002739726
24/02/2022,5,2,1,1,1.083333333,1,1.142635418,1,1.159214836,1.002739726
25/02/2022,6,2,1,1,1.083333333,1,1.142635418,1,1.162390767,1.002739726
26/02/2022,7,2,1,1,1.083333333,1,1.142635418,1.019230769,1.165575399,1.002739726
27/02/2022,1,2,1,1,1.083333333,1,1.164609176,1,1.168768756,1.002739726
28/02/2022,2,2,1,1,1.083333333,1,1.164609176,1,1.171970862,1.002739726
01/03/2022,3,3,1,1,1.083333333,1.083333333,1.164609176,1,1.175181742,1.002739726
02/03/2022,4,3,1,1,1.173611111,1,1.164609176,1,1.178401418,1.002739726
03/03/2022,5,3,1,1,1.173611111,1,1.164609176,1,1.181629915,1.002739726
04/03/2022,6,3,1,1,1.173611111,1,1.164609176,1,1.184867257,1.002739726
05/03/2022,7,3,1,1,1.173611111,1,1.164609176,1.019230769,1.188113469,1.002739726
06/03/2022,1,3,1,1,1.173611111,1,1.187005507,1,1.191368574,1.002739726
07/03/2022,2,3,1,1,1.173611111,1,1.187005507,1,1.194632597,1.002739726
08/03/2022,3,3,1,1,1.173611111,1,1.187005507,1,1.197905563,1.002739726
09/03/2022,4,3,1,1,1.173611111,1,1.187005507,1,1.201187496,1.002739726
10/03/2022,5,3,1,1,1.173611111,1,1.187005507,1,1.204478421,1.002739726
11/03/2022,6,3,1,1,1.173611111,1,1.187005507,1,1.207778362,1.002739726
12/03/2022,7,3,1,1,1.173611111,1,1.187005507,1.019230769,1.211087344,1.002739726
13/03/2022,1,3,1,1,1.173611111,1,1.209832536,1,1.214405391,1.002739726
14/03/2022,2,3,1,1,1.173611111,1,1.209832536,1,1.217732529,1.002739726
15/03/2022,3,3,1,1,1.173611111,1,1.209832536,1,1.221068783,1.002739726
16/03/2022,4,3,1,1,1.173611111,1,1.209832536,1,1.224414177,1.002739726
17/03/2022,5,3,1,1,1.173611111,1,1.209832536,1,1.227768736,1.002739726
18/03/2022,6,3,1,1,1.173611111,1,1.209832536,1,1.231132486,1.002739726
19/03/2022,7,3,1,1,1.173611111,1,1.209832536,1.019230769,1.234505452,1.002739726
20/03/2022,1,3,1,1,1.173611111,1,1.233098546,1,1.237887659,1.002739726
21/03/2022,2,3,1,1,1.173611111,1,1.233098546,1,1.241279132,1.002739726
22/03/2022,3,3,1,1,1.173611111,1,1.233098546,1,1.244679896,1.002739726
23/03/2022,4,3,1,1,1.173611111,1,1.233098546,1,1.248089978,1.002739726
24/03/2022,5,3,1,1,1.173611111,1,1.233098546,1,1.251509403,1.002739726
25/03/2022,6,3,1,1,1.173611111,1,1.233098546,1,1.254938196,1.002739726
26/03/2022,7,3,1,1,1.173611111,1,1.233098546,1.019230769,1.258376383,1.002739726
27/03/2022,1,3,1,1,1.173611111,1,1.256811979,1,1.261823989,1.002739726
28/03/2022,2,3,1,1,1.173611111,1,1.256811979,1,1.265281041,1.002739726
29/03/2022,3,3,1,1,1.173611111,1,1.256811979,1,1.268747565,1.002739726
30/03/2022,4,3,1,1,1.173611111,1,1.256811979,1,1.272223585,1.002739726
31/03/2022,5,3,1,1,1.173611111,1,1.256811979,1,1.275709129,1.002739726
01/04/2022,6,4,1,1.25,1.173611111,1.083333333,1.256811979,1,1.279204223,1.002739726
02/04/2022,7,4,1.25,1,1.271412037,1,1.256811979,1.019230769,1.282708892,1.002739726
03/04/2022,1,4,1.25,1,1.271412037,1,1.280981441,1,1.286223163,1.002739726
04/04/2022,2,4,1.25,1,1.271412037,1,1.280981441,1,1.289747062,1.002739726
05/04/2022,3,4,1.25,1,1.271412037,1,1.280981441,1,1.293280616,1.002739726
06/04/2022,4,4,1.25,1,1.271412037,1,1.280981441,1,1.29682385,1.002739726
07/04/2022,5,4,1.25,1,1.271412037,1,1.280981441,1,1.300376792,1.002739726
08/04/2022,6,4,1.25,1,1.271412037,1,1.280981441,1,1.303939468,1.002739726
09/04/2022,7,4,1.25,1,1.271412037,1,1.280981441,1.019230769,1.307511905,1.002739726
10/04/2022,1,4,1.25,1,1.271412037,1,1.305615699,1,1.31109413,1.002739726
11/04/2022,2,4,1.25,1,1.271412037,1,1.305615699,1,1.314686168,1.002739726
12/04/2022,3,4,1.25,1,1.271412037,1,1.305615699,1,1.318288048,1.002739726
13/04/2022,4,4,1.25,1,1.271412037,1,1.305615699,1,1.321899796,1.002739726
14/04/2022,5,4,1.25,1,1.271412037,1,1.305615699,1,1.32552144,1.002739726
15/04/2022,6,4,1.25,1,1.271412037,1,1.305615699,1,1.329153005,1.002739726
16/04/2022,7,4,1.25,1,1.271412037,1,1.305615699,1.019230769,1.33279452,1.002739726
17/04/2022,1,4,1.25,1,1.271412037,1,1.330723693,1,1.336446012,1.002739726
18/04/2022,2,4,1.25,1,1.271412037,1,1.330723693,1,1.340107508,1.002739726
19/04/2022,3,4,1.25,1,1.271412037,1,1.330723693,1,1.343779035,1.002739726
20/04/2022,4,4,1.25,1,1.271412037,1,1.330723693,1,1.347460622,1.002739726
21/04/2022,5,4,1.25,1,1.271412037,1,1.330723693,1,1.351152295,1.002739726
22/04/2022,6,4,1.25,1,1.271412037,1,1.330723693,1,1.354854082,1.002739726
23/04/2022,7,4,1.25,1,1.271412037,1,1.330723693,1.019230769,1.358566011,1.002739726
24/04/2022,1,4,1.25,1,1.271412037,1,1.356314534,1,1.36228811,1.002739726
25/04/2022,2,4,1.25,1,1.271412037,1,1.356314534,1,1.366020406,1.002739726
26/04/2022,3,4,1.25,1,1.271412037,1,1.356314534,1,1.369762927,1.002739726
27/04/2022,4,4,1.25,1,1.271412037,1,1.356314534,1,1.373515703,1.002739726
28/04/2022,5,4,1.25,1,1.271412037,1,1.356314534,1,1.377278759,1.002739726
29/04/2022,6,4,1.25,1,1.271412037,1,1.356314534,1,1.381052126,1.002739726
30/04/2022,7,4,1.25,1,1.271412037,1,1.356314534,1.019230769,1.38483583,1.002739726
01/05/2022,1,5,1.25,1,1.271412037,1.083333333,1.382397505,1,1.388629901,1.002739726
02/05/2022,2,5,1.25,1,1.37736304,1,1.382397505,1,1.392434366,1.002739726
03/05/2022,3,5,1.25,1,1.37736304,1,1.382397505,1,1.396249255,1.002739726
04/05/2022,4,5,1.25,1,1.37736304,1,1.382397505,1,1.400074596,1.002739726
05/05/2022,5,5,1.25,1,1.37736304,1,1.382397505,1,1.403910416,1.002739726
06/05/2022,6,5,1.25,1,1.37736304,1,1.382397505,1,1.407756746,1.002739726
07/05/2022,7,5,1.25,1,1.37736304,1,1.382397505,1.019230769,1.411613614,1.002739726
08/05/2022,1,5,1.25,1,1.37736304,1,1.408982073,1,1.415481049,1.002739726
09/05/2022,2,5,1.25,1,1.37736304,1,1.408982073,1,1.419359079,1.002739726
10/05/2022,3,5,1.25,1,1.37736304,1,1.408982073,1,1.423247734,1.002739726
11/05/2022,4,5,1.25,1,1.37736304,1,1.408982073,1,1.427147043,1.002739726
12/05/2022,5,5,1.25,1,1.37736304,1,1.408982073,1,1.431057035,1.002739726
13/05/2022,6,5,1.25,1,1.37736304,1,1.408982073,1,1.434977739,1.002739726
14/05/2022,7,5,1.25,1,1.37736304,1,1.408982073,1.019230769,1.438909185,1.002739726
15/05/2022,1,5,1.25,1,1.37736304,1,1.436077882,1,1.442851402,1.002739726
16/05/2022,2,5,1.25,1,1.37736304,1,1.436077882,1,1.446804419,1.002739726
17/05/2022,3,5,1.25,1,1.37736304,1,1.436077882,1,1.450768267,1.002739726
18/05/2022,4,5,1.25,1,1.37736304,1,1.436077882,1,1.454742974,1.002739726
19/05/2022,5,5,1.25,1,1.37736304,1,1.436077882,1,1.458728572,1.002739726
20/05/2022,6,5,1.25,1,1.37736304,1,1.436077882,1,1.462725088,1.002739726
21/05/2022,7,5,1.25,1,1.37736304,1,1.436077882,1.019230769,1.466732554,1.002739726
22/05/2022,1,5,1.25,1,1.37736304,1,1.463694764,1,1.470751,1.002739726
23/05/2022,2,5,1.25,1,1.37736304,1,1.463694764,1,1.474780454,1.002739726
24/05/2022,3,5,1.25,1,1.37736304,1,1.463694764,1,1.478820949,1.002739726
25/05/2022,4,5,1.25,1,1.37736304,1,1.463694764,1,1.482872513,1.002739726
26/05/2022,5,5,1.25,1,1.37736304,1,1.463694764,1,1.486935178,1.002739726
27/05/2022,6,5,1.25,1,1.37736304,1,1.463694764,1,1.491008973,1.002739726
28/05/2022,7,5,1.25,1,1.37736304,1,1.463694764,1.019230769,1.495093929,1.002739726
29/05/2022,1,5,1.25,1,1.37736304,1,1.49184274,1,1.499190076,1.002739726
30/05/2022,2,5,1.25,1,1.37736304,1,1.49184274,1,1.503297446,1.002739726
31/05/2022,3,5,1.25,1,1.37736304,1,1.49184274,1,1.50741607,1.002739726
01/06/2022,4,6,1.25,1,1.37736304,1.083333333,1.49184274,1,1.511545977,1.002739726
02/06/2022,5,6,1.25,1,1.492143293,1,1.49184274,1,1.515687198,1.002739726
03/06/2022,6,6,1.25,1,1.492143293,1,1.49184274,1,1.519839766,1.002739726
04/06/2022,7,6,1.25,1,1.492143293,1,1.49184274,1.019230769,1.524003711,1.002739726
05/06/2022,1,6,1.25,1,1.492143293,1,1.520532024,1,1.528179063,1.002739726
06/06/2022,2,6,1.25,1,1.492143293,1,1.520532024,1,1.532365855,1.002739726
07/06/2022,3,6,1.25,1,1.492143293,1,1.520532024,1,1.536564118,1.002739726
08/06/2022,4,6,1.25,1,1.492143293,1,1.520532024,1,1.540773883,1.002739726
09/06/2022,5,6,1.25,1,1.492143293,1,1.520532024,1,1.544995181,1.002739726
10/06/2022,6,6,1.25,1,1.492143293,1,1.520532024,1,1.549228044,1.002739726
11/06/2022,7,6,1.25,1,1.492143293,1,1.520532024,1.019230769,1.553472505,1.002739726
12/06/2022,1,6,1.25,1,1.492143293,1,1.549773024,1,1.557728594,1.002739726
13/06/2022,2,6,1.25,1,1.492143293,1,1.549773024,1,1.561996343,1.002739726
14/06/2022,3,6,1.25,1,1.492143293,1,1.549773024,1,1.566275785,1.002739726
15/06/2022,4,6,1.25,1,1.492143293,1,1.549773024,1,1.570566952,1.002739726
16/06/2022,5,6,1.25,1,1.492143293,1,1.549773024,1,1.574869875,1.002739726
17/06/2022,6,6,1.25,1,1.492143293,1,1.549773024,1,1.579184587,1.002739726
18/06/2022,7,6,1.25,1,1.492143293,1,1.549773024,1.019230769,1.58351112,1.002739726
19/06/2022,1,6,1.25,1,1.492143293,1,1.579576352,1,1.587849507,1.002739726
20/06/2022,2,6,1.25,1,1.492143293,1,1.579576352,1,1.59219978,1.002739726
21/06/2022,3,6,1.25,1,1.492143293,1,1.579576352,1,1.596561971,1.002739726
22/06/2022,4,6,1.25,1,1.492143293,1,1.579576352,1,1.600936113,1.002739726
23/06/2022,5,6,1.25,1,1.492143293,1,1.579576352,1,1.605322239,1.002739726
24/06/2022,6,6,1.25,1,1.492143293,1,1.579576352,1,1.609720383,1.002739726
25/06/2022,7,6,1.25,1,1.492143293,1,1.579576352,1.019230769,1.614130575,1.002739726
26/06/2022,1,6,1.25,1,1.492143293,1,1.60995282,1,1.618552851,1.002739726
27/06/2022,2,6,1.25,1,1.492143293,1,1.60995282,1,1.622987242,1.002739726
28/06/2022,3,6,1.25,1,1.492143293,1,1.60995282,1,1.627433783,1.002739726
29/06/2022,4,6,1.25,1,1.492143293,1,1.60995282,1,1.631892505,1.002739726
30/06/2022,5,6,1.25,1.25,1.492143293,1,1.60995282,1,1.636363444,1.002739726
01/07/2022,6,7,1.5625,1,1.492143293,1.083333333,1.60995282,1,1.640846631,1.002739726
02/07/2022,7,7,1.5625,1,1.616488568,1,1.60995282,1.019230769,1.645342102,1.002739726
03/07/2022,1,7,1.5625,1,1.616488568,1,1.640913451,1,1.649849888,1.002739726
04/07/2022,2,7,1.5625,1,1.616488568,1,1.640913451,1,1.654370025,1.002739726
05/07/2022,3,7,1.5625,1,1.616488568,1,1.640913451,1,1.658902545,1.002739726
06/07/2022,4,7,1.5625,1,1.616488568,1,1.640913451,1,1.663447484,1.002739726
07/07/2022,5,7,1.5625,1,1.616488568,1,1.640913451,1,1.668004874,1.002739726
08/07/2022,6,7,1.5625,1,1.616488568,1,1.640913451,1,1.672574751,1.002739726
09/07/2022,7,7,1.5625,1,1.616488568,1,1.640913451,1.019230769,1.677157147,1.002739726
10/07/2022,1,7,1.5625,1,1.616488568,1,1.672469479,1,1.681752098,1.002739726
11/07/2022,2,7,1.5625,1,1.616488568,1,1.672469479,1,1.686359638,1.002739726
12/07/2022,3,7,1.5625,1,1.616488568,1,1.672469479,1,1.690979802,1.002739726
13/07/2022,4,7,1.5625,1,1.616488568,1,1.672469479,1,1.695612623,1.002739726
14/07/2022,5,7,1.5625,1,1.616488568,1,1.672469479,1,1.700258137,1.002739726
15/07/2022,6,7,1.5625,1,1.616488568,1,1.672469479,1,1.704916379,1.002739726
16/07/2022,7,7,1.5625,1,1.616488568,1,1.672469479,1.019230769,1.709587382,1.002739726
17/07/2022,1,7,1.5625,1,1.616488568,1,1.704632354,1,1.714271183,1.002739726
18/07/2022,2,7,1.5625,1,1.616488568,1,1.704632354,1,1.718967817,1.002739726
19/07/2022,3,7,1.5625,1,1.616488568,1,1.704632354,1,1.723677318,1.002739726
20/07/2022,4,7,1.5625,1,1.616488568,1,1.704632354,1,1.728399721,1.002739726
21/07/2022,5,7,1.5625,1,1.616488568,1,1.704632354,1,1.733135063,1.002739726
22/07/2022,6,7,1.5625,1,1.616488568,1,1.704632354,1,1.737883378,1.002739726
23/07/2022,7,7,1.5625,1,1.616488568,1,1.704632354,1.019230769,1.742644702,1.002739726
24/07/2022,1,7,1.5625,1,1.616488568,1,1.737413745,1,1.747419072,1.002739726
25/07/2022,2,7,1.5625,1,1.616488568,1,1.737413745,1,1.752206521,1.002739726
26/07/2022,3,7,1.5625,1,1.616488568,1,1.737413745,1,1.757007087,1.002739726
27/07/2022,4,7,1.5625,1,1.616488568,1,1.737413745,1,1.761820805,1.002739726
28/07/2022,5,7,1.5625,1,1.616488568,1,1.737413745,1,1.766647711,1.002739726
29/07/2022,6,7,1.5625,1,1.616488568,1,1.737413745,1,1.771487842,1.002739726
30/07/2022,7,7,1.5625,1,1.616488568,1,1.737413745,1.019230769,1.776341233,1.002739726
31/07/2022,1,7,1.5625,1,1.616488568,1,1.770825548,1,1.781207922,1.002739726
01/08/2022,2,8,1.5625,1,1.616488568,1.083333333,1.770825548,1,1.786087943,1.002739726
02/08/2022,3,8,1.5625,1,1.751195949,1,1.770825548,1,1.790981335,1.002739726
03/08/2022,4,8,1.5625,1,1.751195949,1,1.770825548,1,1.795888133,1.002739726
04/08/2022,5,8,1.5625,1,1.751195949,1,1.770825548,1,1.800808375,1.002739726
05/08/2022,6,8,1.5625,1,1.751195949,1,1.770825548,1,1.805742096,1.002739726
06/08/2022,7,8,1.5625,1,1.751195949,1,1.770825548,1.019230769,1.810689335,1.002739726
07/08/2022,1,8,1.5625,1,1.751195949,1,1.804879885,1,1.815650127,1.002739726
08/08/2022,2,8,1.5625,1,1.751195949,1,1.804879885,1,1.820624511,1.002739726
09/08/2022,3,8,1.5625,1,1.751195949,1,1.804879885,1,1.825612524,1.002739726
10/08/2022,4,8,1.5625,1,1.751195949,1,1.804879885,1,1.830614202,1.002739726
11/08/2022,5,8,1.5625,1,1.751195949,1,1.804879885,1,1.835629583,1.002739726
12/08/2022,6,8,1.5625,1,1.751195949,1,1.804879885,1,1.840658705,1.002739726
13/08/2022,7,8,1.5625,1,1.751195949,1,1.804879885,1.019230769,1.845701606,1.002739726
14/08/2022,1,8,1.5625,1,1.751195949,1,1.839589114,1,1.850758323,1.002739726
15/08/2022,2,8,1.5625,1,1.751195949,1,1.839589114,1,1.855828893,1.002739726
16/08/2022,3,8,1.5625,1,1.751195949,1,1.839589114,1,1.860913356,1.002739726
17/08/2022,4,8,1.5625,1,1.751195949,1,1.839589114,1,1.866011749,1.002739726
18/08/2022,5,8,1.5625,1,1.751195949,1,1.839589114,1,1.87112411,1.002739726
19/08/2022,6,8,1.5625,1,1.751195949,1,1.839589114,1,1.876250477,1.002739726
20/08/2022,7,8,1.5625,1,1.751195949,1,1.839589114,1.019230769,1.88139089,1.002739726
21/08/2022,1,8,1.5625,1,1.751195949,1,1.874965828,1,1.886545385,1.002739726
22/08/2022,2,8,1.5625,1,1.751195949,1,1.874965828,1,1.891714003,1.002739726
23/08/2022,3,8,1.5625,1,1.751195949,1,1.874965828,1,1.896896781,1.002739726
24/08/2022,4,8,1.5625,1,1.751195949,1,1.874965828,1,1.902093758,1.002739726
25/08/2022,5,8,1.5625,1,1.751195949,1,1.874965828,1,1.907304974,1.002739726
26/08/2022,6,8,1.5625,1,1.751195949,1,1.874965828,1,1.912530467,1.002739726
27/08/2022,7,8,1.5625,1,1.751195949,1,1.874965828,1.019230769,1.917770277,1.002739726
28/08/2022,1,8,1.5625,1,1.751195949,1,1.911022863,1,1.923024442,1.002739726
29/08/2022,2,8,1.5625,1,1.751195949,1,1.911022863,1,1.928293002,1.002739726
30/08/2022,3,8,1.5625,1,1.751195949,1,1.911022863,1,1.933575996,1.002739726
31/08/2022,4,8,1.5625,1,1.751195949,1,1.911022863,1,1.938873465,1.002739726
01/09/2022,5,9,1.5625,1,1.751195949,1.083333333,1.911022863,1,1.944185447,1.002739726
02/09/2022,6,9,1.5625,1,1.897128944,1,1.911022863,1,1.949511982,1.002739726
03/09/2022,7,9,1.5625,1,1.897128944,1,1.911022863,1.019230769,1.954853111,1.002739726
04/09/2022,1,9,1.5625,1,1.897128944,1,1.947773303,1,1.960208873,1.002739726
05/09/2022,2,9,1.5625,1,1.897128944,1,1.947773303,1,1.965579308,1.002739726
06/09/2022,3,9,1.5625,1,1.897128944,1,1.947773303,1,1.970964457,1.002739726
07/09/2022,4,9,1.5625,1,1.897128944,1,1.947773303,1,1.97636436,1.002739726
08/09/2022,5,9,1.5625,1,1.897128944,1,1.947773303,1,1.981779057,1.002739726
09/09/2022,6,9,1.5625,1,1.897128944,1,1.947773303,1,1.987208588,1.002739726
10/09/2022,7,9,1.5625,1,1.897128944,1,1.947773303,1.019230769,1.992652995,1.002739726
11/09/2022,1,9,1.5625,1,1.897128944,1,1.985230481,1,1.998112319,1.002739726
12/09/2022,2,9,1.5625,1,1.897128944,1,1.985230481,1,2.003586599,1.002739726
13/09/2022,3,9,1.5625,1,1.897128944,1,1.985230481,1,2.009075877,1.002739726
14/09/2022,4,9,1.5625,1,1.897128944,1,1.985230481,1,2.014580195,1.002739726
15/09/2022,5,9,1.5625,1,1.897128944,1,1.985230481,1,2.020099593,1.002739726
16/09/2022,6,9,1.5625,1,1.897128944,1,1.985230481,1,2.025634112,1.002739726
17/09/2022,7,9,1.5625,1,1.897128944,1,1.985230481,1.019230769,2.031183795,1.002739726
18/09/2022,1,9,1.5625,1,1.897128944,1,2.023407991,1,2.036748682,1.002739726
19/09/2022,2,9,1.5625,1,1.897128944,1,2.023407991,1,2.042328815,1.002739726
20/09/2022,3,9,1.5625,1,1.897128944,1,2.023407991,1,2.047924236,1.002739726
21/09/2022,4,9,1.5625,1,1.897128944,1,2.023407991,1,2.053534988,1.002739726
22/09/2022,5,9,1.5625,1,1.897128944,1,2.023407991,1,2.059161111,1.002739726
23/09/2022,6,9,1.5625,1,1.897128944,1,2.023407991,1,2.064802648,1.002739726
24/09/2022,7,9,1.5625,1,1.897128944,1,2.023407991,1.019230769,2.070459642,1.002739726
25/09/2022,1,9,1.5625,1,1.897128944,1,2.062319683,1,2.076132134,1.002739726
26/09/2022,2,9,1.5625,1,1.897128944,1,2.062319683,1,2.081820167,1.002739726
27/09/2022,3,9,1.5625,1,1.897128944,1,2.062319683,1,2.087523784,1.002739726
28/09/2022,4,9,1.5625,1,1.897128944,1,2.062319683,1,2.093243027,1.002739726
29/09/2022,5,9,1.5625,1,1.897128944,1,2.062319683,1,2.09897794,1.002739726
30/09/2022,6,9,1.5625,1.25,1.897128944,1,2.062319683,1,2.104728564,1.002739726
01/10/2022,7,10,1.953125,1,1.897128944,1.083333333,2.062319683,1.019230769,2.110494944,1.002739726
02/10/2022,1,10,1.953125,1,2.055223023,1,2.101979677,1,2.116277122,1.002739726
03/10/2022,2,10,1.953125,1,2.055223023,1,2.101979677,1,2.122075141,1.002739726
04/10/2022,3,10,1.953125,1,2.055223023,1,2.101979677,1,2.127889046,1.002739726
05/10/2022,4,10,1.953125,1,2.055223023,1,2.101979677,1,2.133718879,1.002739726
06/10/2022,5,10,1.953125,1,2.055223023,1,2.101979677,1,2.139564684,1.002739726
07/10/2022,6,10,1.953125,1,2.055223023,1,2.101979677,1,2.145426505,1.002739726
08/10/2022,7,10,1.953125,1,2.055223023,1,2.101979677,1.019230769,2.151304386,1.002739726
09/10/2022,1,10,1.953125,1,2.055223023,1,2.142402363,1,2.157198371,1.002739726
10/10/2022,2,10,1.953125,1,2.055223023,1,2.142402363,1,2.163108503,1.002739726
11/10/2022,3,10,1.953125,1,2.055223023,1,2.142402363,1,2.169034828,1.002739726
12/10/2022,4,10,1.953125,1,2.055223023,1,2.142402363,1,2.174977389,1.002739726
13/10/2022,5,10,1.953125,1,2.055223023,1,2.142402363,1,2.180936231,1.002739726
14/10/2022,6,10,1.953125,1,2.055223023,1,2.142402363,1,2.186911399,1.002739726
15/10/2022,7,10,1.953125,1,2.055223023,1,2.142402363,1.019230769,2.192902937,1.002739726
16/10/2022,1,10,1.953125,1,2.055223023,1,2.183602408,1,2.19891089,1.002739726
17/10/2022,2,10,1.953125,1,2.055223023,1,2.183602408,1,2.204935304,1.002739726
18/10/2022,3,10,1.953125,1,2.055223023,1,2.183602408,1,2.210976222,1.002739726
19/10/2022,4,10,1.953125,1,2.055223023,1,2.183602408,1,2.217033691,1.002739726
20/10/2022,5,10,1.953125,1,2.055223023,1,2.183602408,1,2.223107756,1.002739726
21/10/2022,6,10,1.953125,1,2.055223023,1,2.183602408,1,2.229198462,1.002739726
22/10/2022,7,10,1.953125,1,2.055223023,1,2.183602408,1.019230769,2.235305855,1.002739726
23/10/2022,1,10,1.953125,1,2.055223023,1,2.225594762,1,2.241429981,1.002739726
24/10/2022,2,10,1.953125,1,2.055223023,1,2.225594762,1,2.247570885,1.002739726
25/10/2022,3,10,1.953125,1,2.055223023,1,2.225594762,1,2.253728614,1.002739726
26/10/2022,4,10,1.953125,1,2.055223023,1,2.225594762,1,2.259903212,1.002739726
27/10/2022,5,10,1.953125,1,2.055223023,1,2.225594762,1,2.266094728,1.002739726
28/10/2022,6,10,1.953125,1,2.055223023,1,2.225594762,1,2.272303207,1.002739726
29/10/2022,7,10,1.953125,1,2.055223023,1,2.225594762,1.019230769,2.278528695,1.002739726
30/10/2022,1,10,1.953125,1,2.055223023,1,2.268394662,1,2.284771239,1.002739726
31/10/2022,2,10,1.953125,1,2.055223023,1,2.268394662,1,2.291030887,1.002739726
01/11/2022,3,11,1.953125,1,2.055223023,1.083333333,2.268394662,1,2.297307684,1.002739726
02/11/2022,4,11,1.953125,1,2.226491608,1,2.268394662,1,2.303601677,1.002739726
03/11/2022,5,11,1.953125,1,2.226491608,1,2.268394662,1,2.309912915,1.002739726
04/11/2022,6,11,1.953125,1,2.226491608,1,2.268394662,1,2.316241443,1.002739726
05/11/2022,7,11,1.953125,1,2.226491608,1,2.268394662,1.019230769,2.32258731,1.002739726
06/11/2022,1,11,1.953125,1,2.226491608,1,2.312017636,1,2.328950563,1.002739726
07/11/2022,2,11,1.953125,1,2.226491608,1,2.312017636,1,2.33533125,1.002739726
08/11/2022,3,11,1.953125,1,2.226491608,1,2.312017636,1,2.341729417,1.002739726
09/11/2022,4,11,1.953125,1,2.226491608,1,2.312017636,1,2.348145114,1.002739726
10/11/2022,5,11,1.953125,1,2.226491608,1,2.312017636,1,2.354578389,1.002739726
11/11/2022,6,11,1.953125,1,2.226491608,1,2.312017636,1,2.361029288,1.002739726
12/11/2022,7,11,1.953125,1,2.226491608,1,2.312017636,1.019230769,2.367497862,1.002739726
13/11/2022,1,11,1.953125,1,2.226491608,1,2.356479513,1,2.373984157,1.002739726
14/11/2022,2,11,1.953125,1,2.226491608,1,2.356479513,1,2.380488224,1.002739726
15/11/2022,3,11,1.953125,1,2.226491608,1,2.356479513,1,2.387010109,1.002739726
16/11/2022,4,11,1.953125,1,2.226491608,1,2.356479513,1,2.393549863,1.002739726
17/11/2022,5,11,1.953125,1,2.226491608,1,2.356479513,1,2.400107534,1.002739726
18/11/2022,6,11,1.953125,1,2.226491608,1,2.356479513,1,2.406683171,1.002739726
19/11/2022,7,11,1.953125,1,2.226491608,1,2.356479513,1.019230769,2.413276823,1.002739726
20/11/2022,1,11,1.953125,1,2.226491608,1,2.401796427,1,2.419888541,1.002739726
21/11/2022,2,11,1.953125,1,2.226491608,1,2.401796427,1,2.426518372,1.002739726
22/11/2022,3,11,1.953125,1,2.226491608,1,2.401796427,1,2.433166368,1.002739726
23/11/2022,4,11,1.953125,1,2.226491608,1,2.401796427,1,2.439832577,1.002739726
24/11/2022,5,11,1.953125,1,2.226491608,1,2.401796427,1,2.44651705,1.002739726
25/11/2022,6,11,1.953125,1,2.226491608,1,2.401796427,1,2.453219836,1.002739726
26/11/2022,7,11,1.953125,1,2.226491608,1,2.401796427,1.019230769,2.459940986,1.002739726
27/11/2022,1,11,1.953125,1,2.226491608,1,2.44798482,1,2.466680551,1.002739726
28/11/2022,2,11,1.953125,1,2.226491608,1,2.44798482,1,2.47343858,1.002739726
29/11/2022,3,11,1.953125,1,2.226491608,1,2.44798482,1,2.480215124,1.002739726
30/11/2022,4,11,1.953125,1,2.226491608,1,2.44798482,1,2.487010234,1.002739726
01/12/2022,5,12,1.953125,1,2.226491608,1.083333333,2.44798482,1,2.49382396,1.002739726
02/12/2022,6,12,1.953125,1,2.412032576,1,2.44798482,1,2.500656355,1.002739726
03/12/2022,7,12,1.953125,1,2.412032576,1,2.44798482,1.019230769,2.507507468,1.002739726
04/12/2022,1,12,1.953125,1,2.412032576,1,2.495061451,1,2.514377352,1.002739726
05/12/2022,2,12,1.953125,1,2.412032576,1,2.495061451,1,2.521266057,1.002739726
06/12/2022,3,12,1.953125,1,2.412032576,1,2.495061451,1,2.528173635,1.002739726
07/12/2022,4,12,1.953125,1,2.412032576,1,2.495061451,1,2.535100138,1.002739726
08/12/2022,5,12,1.953125,1,2.412032576,1,2.495061451,1,2.542045618,1.002739726
09/12/2022,6,12,1.953125,1,2.412032576,1,2.495061451,1,2.549010126,1.002739726
10/12/2022,7,12,1.953125,1,2.412032576,1,2.495061451,1.019230769,2.555993716,1.002739726
11/12/2022,1,12,1.953125,1,2.412032576,1,2.543043402,1,2.562996438,1.002739726
12/12/2022,2,12,1.953125,1,2.412032576,1,2.543043402,1,2.570018346,1.002739726
13/12/2022,3,12,1.953125,1,2.412032576,1,2.543043402,1,2.577059492,1.002739726
14/12/2022,4,12,1.953125,1,2.412032576,1,2.543043402,1,2.584119929,1.002739726
15/12/2022,5,12,1.953125,1,2.412032576,1,2.543043402,1,2.59119971,1.002739726
16/12/2022,6,12,1.953125,1,2.412032576,1,2.543043402,1,2.598298887,1.002739726
17/12/2022,7,12,1.953125,1,2.412032576,1,2.543043402,1.019230769,2.605417514,1.002739726
18/12/2022,1,12,1.953125,1,2.412032576,1,2.591948083,1,2.612555645,1.002739726
19/12/2022,2,12,1.953125,1,2.412032576,1,2.591948083,1,2.619713331,1.002739726
20/12/2022,3,12,1.953125,1,2.412032576,1,2.591948083,1,2.626890628,1.002739726
21/12/2022,4,12,1.953125,1,2.412032576,1,2.591948083,1,2.634087589,1.002739726
22/12/2022,5,12,1.953125,1,2.412032576,1,2.591948083,1,2.641304267,1.002739726
23/12/2022,6,12,1.953125,1,2.412032576,1,2.591948083,1,2.648540717,1.002739726
24/12/2022,7,12,1.953125,1,2.412032576,1,2.591948083,1.019230769,2.655796993,1.002739726
25/12/2022,1,12,1.953125,1,2.412032576,1,2.641793238,1,2.663073149,1.002739726
26/12/2022,2,12,1.953125,1,2.412032576,1,2.641793238,1,2.67036924,1.002739726
27/12/2022,3,12,1.953125,1,2.412032576,1,2.641793238,1,2.67768532,1.002739726
28/12/2022,4,12,1.953125,1,2.412032576,1,2.641793238,1,2.685021444,1.002739726
29/12/2022,5,12,1.953125,1,2.412032576,1,2.641793238,1,2.692377667,1.002739726
30/12/2022,6,12,1.953125,1,2.412032576,1,2.641793238,1,2.699754045,1.002739726
31/12/2022,7,12,1.953125,1.25,2.412032576,1,2.641793238,1.019230769,2.707150631,1.002739726
,,,,,,,,,,
,,,,,,,,,,
,,,,,,,,,,
,,,,,,,,,,
,,,,,,,,,,
,,,,,,,,,,
,,,,,,,,,,
,,,,,,,,,,
,,,,,,,,,,
,,,,,,,,,,
,,,,,,,,,,
,,,,,,,,,,
,,,,,,,,,,
,,,,,,,,,,
,,,,,,,,,,
,,,,,,,,,,
,,,,,,,,,,
,,,,,,,,,,
,,,,,,,,,,
,,,,,,,,,,
,,,,,,,,,,
,,,,,,,,,,
,,,,,,,,,,
,,,,,,,,,,
,,,,,,,,,,
,,,,,,,,,,
,,,,,,,,,,
,,,,,,,,,,
,,,,,,,,,,
,,,,,,,,,,
,,,,,,,,,,
,,,,,,,,,,
,,,,,,,,,,
,,,,,,,,,,
,,,,,,,,,,
,,,,,,,,,,
,,,,,,,,,,
,,,,,,,,,,
,,,,,,,,,,
,,,,,,,,,,
,,,,,,,,,,
,,,,,,,,,,
,,,,,,,,,,
,,,,,,,,,,
,,,,,,,,,,
,,,,,,,,,,
,,,,,,,,,,
,,,,,,,,,,
,,,,,,,,,,
,,,,,,,,,,
,,,,,,,,,,
,,,,,,,,,,
,,,,,,,,,,
,,,,,,,,,,
,,,,,,,,,,
,,,,,,,,,,
,,,,,,,,,,
,,,,,,,,,,
,,,,,,,,,,
,,,,,,,,,,
,,,,,,,,,,
,,,,,,,,,,
,,,,,,,,,,
,,,,,,,,,,
,,,,,,,,,,
,,,,,,,,,,
,,,,,,,,,,
,,,,,,,,,,
,,,,,,,,,,
,,,,,,,,,,
,,,,,,,,,,
,,,,,,,,,,
,,,,,,,,,,
,,,,,,,,,,
,,,,,,,,,,
,,,,,,,,,,
,,,,,,,,,,
,,,,,,,,,,
,,,,,,,,,,
,,,,,,,,,,
,,,,,,,,,,
,,,,,,,,,,
,,,,,,,,,,
,,,,,,,,,,
,,,,,,,,,,
,,,,,,,,,,
,,,,,,,,,,
,,,,,,,,,,
,,,,,,,,,,
,,,,,,,,,,
,,,,,,,,,,
,,,,,,,,,,
,,,,,,,,,,
,,,,,,,,,,
,,,,,,,,,,
,,,,,,,,,,
,,,,,,,,,,
,,,,,,,,,,
,,,,,,,,,,
,,,,,,,,,,
,,,,,,,,,,
,,,,,,,,,,
,,,,,,,,,,
,,,,,,,,,,
,,,,,,,,,,
,,,,,,,,,,
,,,,,,,,,,
,,,,,,,,,,
,,,,,,,,,,
,,,,,,,,,,
,,,,,,,,,,
,,,,,,,,,,
,,,,,,,,,,
,,,,,,,,,,
,,,,,,,,,,
,,,,,,,,,,
,,,,,,,,,,
,,,,,,,,,,
,,,,,,,,,,
,,,,,,,,,,
,,,,,,,,,,
,,,,,,,,,,
,,,,,,,,,,
,,,,,,,,,,
,,,,,,,,,,
,,,,,,,,,,
,,,,,,,,,,
,,,,,,,,,,
,,,,,,,,,,
,,,,,,,,,,
,,,,,,,,,,
,,,,,,,,,,
,,,,,,,,,,
,,,,,,,,,,
,,,,,,,,,,
,,,,,,,,,,
,,,,,,,,,,
,,,,,,,,,,
,,,,,,,,,,
,,,,,,,,,,
,,,,,,,,,,
,,,,,,,,,,
,,,,,,,,,,
,,,,,,,,,,
,,,,,,,,,,
,,,,,,,,,,
,,,,,,,,,,
,,,,,,,,,,
,,,,,,,,,,
,,,,,,,,,,
,,,,,,,,,,
,,,,,,,,,,
,,,,,,,,,,
,,,,,,,,,,
,,,,,,,,,,
,,,,,,,,,,
,,,,,,,,,,
